"RK",TIERS,"PLAYER NAME",TEAM,"POS","BYE WEEK","UPSIDE ","BUST ","SOS SEASON","ECR VS. ADP"
"1",1,"Jahmyr Gibbs",DET,"RB1","6","5 out of 5","1 out of 5","5 out of 5 stars","0"
"2",1,"Bijan Robinson",ATL,"RB2","11","5 out of 5","1 out of 5","2 out of 5 stars","0"
"3",1,"Ja'Marr Chase",CIN,"WR1","6","5 out of 5","1 out of 5","4 out of 5 stars","0"
"4",1,"Puka Nacua",LAR,"WR2","11","5 out of 5","2 out of 5","1 out of 5 stars","0"
"5",1,"Jaxon Smith-Njigba",SEA,"WR3","11","5 out of 5","2 out of 5","3 out of 5 stars","+1"
"6",1,"Amon-Ra St. Brown",DET,"WR4","6","5 out of 5","1 out of 5","4 out of 5 stars","+2"
"7",1,"Christian McCaffrey",SF,"RB3","8","4 out of 5","4 out of 5","2 out of 5 stars","-2"
"8",1,"Jonathan Taylor",IND,"RB4","13","4 out of 5","3 out of 5","4 out of 5 stars","-1"
"9",2,"CeeDee Lamb",DAL,"WR5","14","4 out of 5","2 out of 5","2 out of 5 stars","+3"
"10",2,"Justin Jefferson",MIN,"WR6","6","5 out of 5","2 out of 5","5 out of 5 stars","+1"
"11",2,"James Cook III",BUF,"RB5","7","4 out of 5","2 out of 5","2 out of 5 stars","-2"
"12",2,"Ashton Jeanty",LV,"RB6","13","5 out of 5","2 out of 5","2 out of 5 stars","-2"
"13",2,"Drake London",ATL,"WR7","11","4 out of 5","2 out of 5","3 out of 5 stars","+4"
"14",2,"Chase Brown",CIN,"RB7","6","5 out of 5","2 out of 5","2 out of 5 stars","+1"
"15",2,"Brock Bowers",LV,"TE1","13","5 out of 5","2 out of 5","3 out of 5 stars","+5"
"16",2,"A.J. Brown",NE,"WR8","11","5 out of 5","2 out of 5","2 out of 5 stars","+7"
"17",2,"Saquon Barkley",PHI,"RB8","10","4 out of 5","3 out of 5","4 out of 5 stars","-3"
"18",2,"De'Von Achane",MIA,"RB9","6","4 out of 5","4 out of 5","3 out of 5 stars","-5"
"19",2,"Nico Collins",HOU,"WR9","8","4 out of 5","3 out of 5","3 out of 5 stars","+5"
"20",2,"Omarion Hampton",LAC,"RB10","7","5 out of 5","2 out of 5","3 out of 5 stars","-4"
"21",3,"Derrick Henry",BAL,"RB11","13","4 out of 5","2 out of 5","3 out of 5 stars","0"
"22",3,"George Pickens",DAL,"WR10","14","4 out of 5","3 out of 5","2 out of 5 stars","+3"
"23",3,"Kenneth Walker III",KC,"RB12","5","4 out of 5","4 out of 5","3 out of 5 stars","-5"
"24",3,"Trey McBride",ARI,"TE2","14","4 out of 5","3 out of 5","2 out of 5 stars","-5"
"25",3,"Rashee Rice",KC,"WR11","5","5 out of 5","4 out of 5","2 out of 5 stars","+4"
"26",3,"Chris Olave",NO,"WR12","8","4 out of 5","4 out of 5","3 out of 5 stars","+1"
"27",3,"Josh Allen",BUF,"QB1","7","5 out of 5","2 out of 5","3 out of 5 stars","-5"
"28",3,"DeVonta Smith",PHI,"WR13","10","4 out of 5","2 out of 5","4 out of 5 stars","+5"
"29",3,"Zay Flowers",BAL,"WR14","13","4 out of 5","2 out of 5","4 out of 5 stars","+11"
"30",3,"Kyren Williams",LAR,"RB13","11","4 out of 5","2 out of 5","5 out of 5 stars","0"
"31",3,"Malik Nabers",NYG,"WR15","8","4 out of 5","4 out of 5","4 out of 5 stars","+3"
"32",3,"Tee Higgins",CIN,"WR16","6","5 out of 5","2 out of 5","4 out of 5 stars","+4"
"33",3,"Jeremiyah Love",ARI,"RB14","14","5 out of 5","2 out of 5","2 out of 5 stars","-7"
"34",3,"Tetairoa McMillan",CAR,"WR17","5","4 out of 5","3 out of 5","2 out of 5 stars","+4"
"35",4,"Emeka Egbuka",TB,"WR18","10","4 out of 5","3 out of 5","4 out of 5 stars","+6"
"36",4,"Lamar Jackson",BAL,"QB2","13","5 out of 5","3 out of 5","3 out of 5 stars","+1"
"37",4,"Josh Jacobs",GB,"RB15","11","4 out of 5","3 out of 5","4 out of 5 stars","-9"
"38",4,"Breece Hall",NYJ,"RB16","13","4 out of 5","3 out of 5","3 out of 5 stars","-6"
"39",4,"Garrett Wilson",NYJ,"WR19","13","4 out of 5","4 out of 5","4 out of 5 stars","+3"
"40",4,"Javonte Williams",DAL,"RB17","14","4 out of 5","3 out of 5","4 out of 5 stars","-9"
"41",4,"Colston Loveland",CHI,"TE3","10","5 out of 5","2 out of 5","2 out of 5 stars","+2"
"42",4,"Ladd McConkey",LAC,"WR20","7","4 out of 5","3 out of 5","2 out of 5 stars","+3"
"43",4,"Jaylen Waddle",DEN,"WR21","10","4 out of 5","3 out of 5","2 out of 5 stars","+5"
"44",4,"Drake Maye",NE,"QB3","11","5 out of 5","2 out of 5","2 out of 5 stars","+8"
"45",4,"Terry McLaurin",WAS,"WR22","7","4 out of 5","2 out of 5","2 out of 5 stars","+10"
"46",4,"Travis Etienne Jr.",NO,"RB18","8","4 out of 5","3 out of 5","3 out of 5 stars","-7"
"47",4,"Joe Burrow",CIN,"QB4","6","4 out of 5","3 out of 5","3 out of 5 stars","+7"
"48",4,"Davante Adams",LAR,"WR23","11","4 out of 5","4 out of 5","1 out of 5 stars","+10"
"49",4,"Luther Burden III",CHI,"WR24","10","4 out of 5","3 out of 5","3 out of 5 stars","-2"
"50",4,"Cam Skattebo",NYG,"RB19","8","4 out of 5","3 out of 5","4 out of 5 stars","-15"
"51",4,"Jameson Williams",DET,"WR25","6","4 out of 5","4 out of 5","4 out of 5 stars","+8"
"52",4,"Mike Evans",SF,"WR26","8","4 out of 5","3 out of 5","2 out of 5 stars","+10"
"53",4,"D'Andre Swift",CHI,"RB20","10","3 out of 5","3 out of 5","2 out of 5 stars","+3"
"54",4,"Jayden Daniels",WAS,"QB5","7","5 out of 5","4 out of 5","2 out of 5 stars","+6"
"55",4,"Quinshon Judkins",CLE,"RB21","11","4 out of 5","4 out of 5","3 out of 5 stars","-9"
"56",4,"Tyler Warren",IND,"TE4","13","4 out of 5","2 out of 5","3 out of 5 stars","-3"
"57",4,"Bucky Irving",TB,"RB22","10","3 out of 5","4 out of 5","2 out of 5 stars","-13"
"58",4,"Christian Watson",GB,"WR27","11","4 out of 5","4 out of 5","5 out of 5 stars","+7"
"59",4,"David Montgomery",HOU,"RB23","8","4 out of 5","2 out of 5","4 out of 5 stars","-9"
"60",5,"DJ Moore",BUF,"WR28","7","4 out of 5","3 out of 5","4 out of 5 stars","-9"
"61",5,"TreVeyon Henderson",NE,"RB24","11","4 out of 5","3 out of 5","2 out of 5 stars","-12"
"62",5,"Jalen Hurts",PHI,"QB6","10","4 out of 5","3 out of 5","5 out of 5 stars","+1"
"63",5,"Rome Odunze",CHI,"WR29","10","4 out of 5","2 out of 5","3 out of 5 stars","+1"
"64",5,"Bhayshul Tuten",JAC,"RB25","7","4 out of 5","3 out of 5","4 out of 5 stars","-7"
"65",5,"Jadarian Price",SEA,"RB26","11","4 out of 5","3 out of 5","4 out of 5 stars","-4"
"66",5,"Tucker Kraft",GB,"TE5","11","4 out of 5","2 out of 5","2 out of 5 stars","+2"
"67",5,"Caleb Williams",CHI,"QB7","10","5 out of 5","2 out of 5","3 out of 5 stars","+8"
"68",5,"Justin Herbert",LAC,"QB8","7","4 out of 5","2 out of 5","2 out of 5 stars","+11"
"69",5,"Carnell Tate",TEN,"WR30","9","4 out of 5","2 out of 5","3 out of 5 stars","0"
"70",5,"Jaylen Warren",PIT,"RB27","9","4 out of 5","4 out of 5","2 out of 5 stars","-3"
"71",5,"Marvin Harrison Jr.",ARI,"WR31","14","3 out of 5","4 out of 5","2 out of 5 stars","+5"
"72",5,"Brian Thomas Jr.",JAC,"WR32","7","3 out of 5","4 out of 5","4 out of 5 stars","-2"
"73",5,"Tony Pollard",TEN,"RB28","9","3 out of 5","3 out of 5","3 out of 5 stars","+7"
"74",5,"Trevor Lawrence",JAC,"QB9","7","5 out of 5","1 out of 5","4 out of 5 stars","+9"
"75",5,"DK Metcalf",PIT,"WR33","9","4 out of 5","3 out of 5","3 out of 5 stars","+9"
"76",5,"Harold Fannin Jr.",CLE,"TE6","11","4 out of 5","3 out of 5","3 out of 5 stars","-10"
"77",5,"Rhamondre Stevenson",NE,"RB29","11","4 out of 5","3 out of 5","2 out of 5 stars","-5"
"78",5,"Parker Washington",JAC,"WR34","7","4 out of 5","3 out of 5","4 out of 5 stars","+4"
"79",5,"Dak Prescott",DAL,"QB10","14","4 out of 5","2 out of 5","2 out of 5 stars","+2"
"80",5,"Alec Pierce",IND,"WR35","13","4 out of 5","4 out of 5","4 out of 5 stars","+7"
"81",5,"Sam LaPorta",DET,"TE7","6","4 out of 5","2 out of 5","3 out of 5 stars","-7"
"82",5,"Chuba Hubbard",CAR,"RB30","5","2 out of 5","4 out of 5","1 out of 5 stars","-5"
"83",5,"Kyle Pitts Sr.",ATL,"TE8","11","4 out of 5","4 out of 5","3 out of 5 stars","-12"
"84",6,"Rico Dowdle",PIT,"RB31","9","4 out of 5","4 out of 5","2 out of 5 stars","-6"
"85",6,"Chris Godwin Jr.",TB,"WR36","10","3 out of 5","4 out of 5","4 out of 5 stars","+6"
"86",6,"Courtland Sutton",DEN,"WR37","10","2 out of 5","4 out of 5","2 out of 5 stars","+4"
"87",6,"Jordyn Tyson",NO,"WR38","8","4 out of 5","4 out of 5","3 out of 5 stars","-1"
"88",6,"J.K. Dobbins",DEN,"RB32","10","4 out of 5","4 out of 5","2 out of 5 stars","+4"
"89",6,"Jaxson Dart",NYG,"QB11","8","4 out of 5","4 out of 5","4 out of 5 stars","0"
"90",6,"Michael Pittman Jr.",PIT,"WR39","9","3 out of 5","3 out of 5","3 out of 5 stars","+14"
"91",6,"Michael Wilson",ARI,"WR40","14","-","-","2 out of 5 stars","-3"
"92",6,"Brock Purdy",SF,"QB12","8","4 out of 5","2 out of 5","1 out of 5 stars","+7"
"93",6,"RJ Harvey",DEN,"RB33","10","2 out of 5","4 out of 5","2 out of 5 stars","-20"
"94",6,"Quentin Johnston",LAC,"WR41","7","4 out of 5","4 out of 5","2 out of 5 stars","+12"
"95",6,"Blake Corum",LAR,"RB34","11","4 out of 5","4 out of 5","5 out of 5 stars","-2"
"96",6,"Kyle Monangai",CHI,"RB35","10","4 out of 5","4 out of 5","2 out of 5 stars","-11"
"97",6,"Josh Downs",IND,"WR42","13","3 out of 5","3 out of 5","4 out of 5 stars","+21"
"98",6,"Bo Nix",DEN,"QB13","10","4 out of 5","2 out of 5","3 out of 5 stars","+4"
"99",6,"Patrick Mahomes II",KC,"QB14","5","3 out of 5","4 out of 5","2 out of 5 stars","-1"
"100",6,"Travis Kelce",KC,"TE9","5","3 out of 5","3 out of 5","4 out of 5 stars","-3"
"101",6,"Makai Lemon",PHI,"WR43","10","4 out of 5","3 out of 5","4 out of 5 stars","-7"
"102",6,"Wan'Dale Robinson",TEN,"WR44","9","3 out of 5","4 out of 5","3 out of 5 stars","+14"
"103",6,"Matthew Stafford",LAR,"QB15","11","4 out of 5","3 out of 5","3 out of 5 stars","0"
"104",6,"Kenny Gainwell",TB,"RB36","10","4 out of 5","3 out of 5","2 out of 5 stars","+1"
"105",6,"George Kittle",SF,"TE10","8","4 out of 5","4 out of 5","3 out of 5 stars","-9"
"106",6,"Jordan Addison",MIN,"WR45","6","4 out of 5","3 out of 5","5 out of 5 stars","+1"
"107",6,"Rachaad White",WAS,"RB37","7","4 out of 5","2 out of 5","4 out of 5 stars","+3"
"108",6,"Jakobi Meyers",JAC,"WR46","7","2 out of 5","3 out of 5","4 out of 5 stars","+3"
"109",6,"Jayden Reed",GB,"WR47","11","4 out of 5","4 out of 5","5 out of 5 stars","+8"
"110",6,"Jared Goff",DET,"QB16","6","3 out of 5","2 out of 5","5 out of 5 stars","+5"
"111",6,"Jonathon Brooks",CAR,"RB38","5","4 out of 5","4 out of 5","1 out of 5 stars","-16"
"112",6,"Aaron Jones Sr.",MIN,"RB39","6","1 out of 5","4 out of 5","4 out of 5 stars","+1"
"113",6,"Jacory Croskey-Merritt",WAS,"RB40","7","3 out of 5","4 out of 5","4 out of 5 stars","-5"
"114",6,"Dalton Kincaid",BUF,"TE11","7","2 out of 5","4 out of 5","3 out of 5 stars","-14"
"115",6,"Kyler Murray",MIN,"QB17","6","4 out of 5","3 out of 5","5 out of 5 stars","+11"
"116",6,"Jordan Mason",MIN,"RB41","6","3 out of 5","4 out of 5","4 out of 5 stars","-4"
"117",7,"Jake Ferguson",DAL,"TE12","14","2 out of 5","4 out of 5","2 out of 5 stars","-8"
"118",7,"Dallas Goedert",PHI,"TE13","10","4 out of 5","4 out of 5","4 out of 5 stars","+1"
"119",7,"Baker Mayfield",TB,"QB18","10","2 out of 5","4 out of 5","2 out of 5 stars","+11"
"120",7,"Xavier Worthy",KC,"WR48","5","4 out of 5","4 out of 5","2 out of 5 stars","+3"
"121",7,"Mark Andrews",BAL,"TE14","13","4 out of 5","4 out of 5","4 out of 5 stars","-7"
"122",7,"Jayden Higgins",HOU,"WR49","8","4 out of 5","3 out of 5","3 out of 5 stars","+32"
"123",7,"Jordan Love",GB,"QB19","11","4 out of 5","3 out of 5","4 out of 5 stars","+4"
"124",7,"Tyler Shough",NO,"QB20","8","4 out of 5","2 out of 5","3 out of 5 stars","+15"
"125",7,"Isaiah Likely",NYG,"TE15","8","4 out of 5","4 out of 5","3 out of 5 stars","-24"
"126",7,"Tyrone Tracy Jr.",NYG,"RB42","8","4 out of 5","3 out of 5","4 out of 5 stars","+10"
"127",7,"Romeo Doubs",NE,"WR50","11","3 out of 5","3 out of 5","2 out of 5 stars","+5"
"128",7,"Chris Rodriguez Jr.",JAC,"RB43","7","3 out of 5","4 out of 5","4 out of 5 stars","+28"
"129",7,"Khalil Shakir",BUF,"WR51","7","2 out of 5","4 out of 5","4 out of 5 stars","+23"
"130",7,"Woody Marks",HOU,"RB44","8","3 out of 5","4 out of 5","4 out of 5 stars","+12"
"131",7,"Jalen Coker",CAR,"WR52","5","4 out of 5","3 out of 5","2 out of 5 stars","+30"
"132",7,"Tyler Allgeier",ARI,"RB45","14","3 out of 5","4 out of 5","2 out of 5 stars","+3"
"133",7,"KC Concepcion",CLE,"WR53","11","4 out of 5","3 out of 5","3 out of 5 stars","+4"
"134",7,"Malik Willis",MIA,"QB21","6","4 out of 5","4 out of 5","3 out of 5 stars","-3"
"135",7,"Matthew Golden",GB,"WR54","11","4 out of 5","4 out of 5","5 out of 5 stars","+6"
"136",7,"Tyjae Spears",TEN,"RB46","9","3 out of 5","4 out of 5","3 out of 5 stars","+19"
"137",7,"Zach Charbonnet",SEA,"RB47","11","3 out of 5","4 out of 5","4 out of 5 stars","-13"
"138",7,"Rashid Shaheed",SEA,"WR55","11","4 out of 5","4 out of 5","3 out of 5 stars","+5"
"139",7,"Alvin Kamara",NO,"RB48","8","2 out of 5","4 out of 5","3 out of 5 stars","+5"
"140",7,"Dylan Sampson",CLE,"RB49","11","4 out of 5","2 out of 5","3 out of 5 stars","+32"
"141",7,"Juwan Johnson",NO,"TE16","8","4 out of 5","4 out of 5","2 out of 5 stars","+7"
"142",7,"Sam Darnold",SEA,"QB22","11","2 out of 5","4 out of 5","4 out of 5 stars","+5"
"143",7,"C.J. Stroud",HOU,"QB23","8","3 out of 5","3 out of 5","4 out of 5 stars","+16"
"144",7,"Isiah Pacheco",DET,"RB50","6","2 out of 5","4 out of 5","5 out of 5 stars","+13"
"145",7,"Brenton Strange",JAC,"TE17","7","4 out of 5","3 out of 5","3 out of 5 stars","-7"
"146",7,"Chig Okonkwo",WAS,"TE18","7","4 out of 5","3 out of 5","1 out of 5 stars","-1"
"147",7,"Keaton Mitchell",LAC,"RB51","7","4 out of 5","3 out of 5","3 out of 5 stars","+29"
"148",7,"Tank Bigsby",PHI,"RB52","10","4 out of 5","4 out of 5","4 out of 5 stars","+33"
"149",7,"Hunter Henry",NE,"TE19","11","2 out of 5","3 out of 5","4 out of 5 stars","-15"
"150",7,"Cam Ward",TEN,"QB24","9","4 out of 5","4 out of 5","3 out of 5 stars","+16"
"151",7,"Brian Robinson Jr.",ATL,"RB53","11","1 out of 5","4 out of 5","2 out of 5 stars","-18"
"152",7,"Daniel Jones",IND,"QB25","13","4 out of 5","4 out of 5","4 out of 5 stars","+26"
"153",7,"Jauan Jennings",MIN,"WR56","6","2 out of 5","4 out of 5","5 out of 5 stars","+9"
"154",7,"Jonah Coleman",DEN,"RB54","10","3 out of 5","4 out of 5","2 out of 5 stars","-5"
"155",7,"Oronde Gadsden II",LAC,"TE20","7","3 out of 5","4 out of 5","4 out of 5 stars","-26"
"156",7,"Adonai Mitchell",NYJ,"WR57","13","4 out of 5","4 out of 5","4 out of 5 stars","+70"
"157",8,"Jerry Jeudy",CLE,"WR58","11","2 out of 5","4 out of 5","3 out of 5 stars","+45"
"158",8,"Bryce Young",CAR,"QB26","5","2 out of 5","4 out of 5","2 out of 5 stars","+6"
"159",8,"Jalen McMillan",TB,"WR59","10","4 out of 5","4 out of 5","4 out of 5 stars","+21"
"160",8,"Tre Tucker",LV,"WR60","13","4 out of 5","2 out of 5","2 out of 5 stars","+69"
"161",8,"Dalton Schultz",HOU,"TE21","8","3 out of 5","2 out of 5","4 out of 5 stars","+9"
"162",8,"Deebo Samuel Sr.",SF,"WR61","8","4 out of 5","4 out of 5","2 out of 5 stars","-4"
"163",8,"Denzel Boston",CLE,"WR62","11","4 out of 5","4 out of 5","3 out of 5 stars","+8"
"164",8,"De'Zhaun Stribling",SF,"WR63","8","3 out of 5","4 out of 5","2 out of 5 stars","+29"
"165",8,"Omar Cooper Jr.",NYJ,"WR64","13","4 out of 5","3 out of 5","4 out of 5 stars","+8"
"166",8,"Tre' Harris",LAC,"WR65","7","4 out of 5","3 out of 5","2 out of 5 stars","+66"
"167",8,"T.J. Hockenson",MIN,"TE22","6","3 out of 5","4 out of 5","4 out of 5 stars","+7"
"168",8,"AJ Barner",SEA,"TE23","11","4 out of 5","2 out of 5","3 out of 5 stars","+7"
"169",8,"Travis Hunter",JAC,"WR66","7","3 out of 5","4 out of 5","4 out of 5 stars","-1"
"170",8,"Stefon Diggs",WAS,"WR67","7","4 out of 5","4 out of 5","2 out of 5 stars","-24"
"171",8,"Jacoby Brissett",ARI,"QB27","14","2 out of 5","5 out of 5","2 out of 5 stars","+48"
"172",8,"Braelon Allen",NYJ,"RB55","13","2 out of 5","4 out of 5","3 out of 5 stars","+35"
"173",8,"Sean Tucker",TB,"RB56","10","3 out of 5","4 out of 5","2 out of 5 stars","+51"
"174",8,"Ryan Flournoy",DAL,"WR68","14","4 out of 5","2 out of 5","2 out of 5 stars","+85"
"175",8,"Kayshon Boutte",NE,"WR69","11","3 out of 5","4 out of 5","2 out of 5 stars","+31"
"176",8,"Ray Davis",BUF,"RB57","7","-","-","2 out of 5 stars","+58"
"177",8,"Kenyon Sadiq",NYJ,"TE24","13","4 out of 5","4 out of 5","4 out of 5 stars","-26"
"178",8,"Jalen Nailor",LV,"WR70","13","-","-","2 out of 5 stars","+7"
"179",8,"Kimani Vidal",LAC,"RB58","7","2 out of 5","4 out of 5","3 out of 5 stars","+52"
"180",8,"Houston Texans",HOU,"DST1","8","-","-","2 out of 5 stars","-60"
"181",8,"Calvin Ridley",TEN,"WR71","9","2 out of 5","4 out of 5","3 out of 5 stars","+41"
"182",8,"Emmett Johnson",KC,"RB59","5","4 out of 5","4 out of 5","3 out of 5 stars","-3"
"183",8,"Emanuel Wilson",SEA,"RB60","11","2 out of 5","4 out of 5","4 out of 5 stars","+69"
"184",8,"Terrance Ferguson",LAR,"TE25","11","4 out of 5","4 out of 5","4 out of 5 stars","-1"
"185",8,"MarShawn Lloyd",GB,"RB61","11","4 out of 5","4 out of 5","4 out of 5 stars","+70"
"186",8,"Dontayvion Wicks",PHI,"WR72","10","3 out of 5","4 out of 5","4 out of 5 stars","+94"
"187",8,"Malik Washington",MIA,"WR73","6","3 out of 5","4 out of 5","3 out of 5 stars","+64"
"188",8,"James Conner",ARI,"RB62","14","2 out of 5","4 out of 5","2 out of 5 stars","-11"
"189",8,"Denver Broncos",DEN,"DST2","10","-","-","4 out of 5 stars","-61"
"190",8,"Gunnar Helm",TEN,"TE26","9","3 out of 5","3 out of 5","3 out of 5 stars","+22"
"191",8,"Pat Freiermuth",PIT,"TE27","9","3 out of 5","3 out of 5","2 out of 5 stars","+7"
"192",8,"Seattle Seahawks",SEA,"DST3","11","-","-","2 out of 5 stars","-67"
"193",8,"Geno Smith",NYJ,"QB28","13","2 out of 5","4 out of 5","4 out of 5 stars","+56"
"194",8,"Darnell Mooney",NYG,"WR74","8","4 out of 5","4 out of 5","4 out of 5 stars","+63"
"195",8,"Los Angeles Rams",LAR,"DST4","11","-","-","2 out of 5 stars","-74"
"196",8,"Isaac TeSlaa",DET,"WR75","6","4 out of 5","4 out of 5","4 out of 5 stars","-9"
"197",8,"Rashod Bateman",BAL,"WR76","13","3 out of 5","4 out of 5","4 out of 5 stars","+95"
"198",8,"Troy Franklin",DEN,"WR77","10","1 out of 5","4 out of 5","2 out of 5 stars","+73"
"199",8,"Philadelphia Eagles",PHI,"DST5","10","-","-","0 out of 5 stars","-59"
"200",8,"Pat Bryant",DEN,"WR78","10","-","-","2 out of 5 stars","+79"
"201",8,"Cade Otton",TB,"TE28","10","2 out of 5","4 out of 5","2 out of 5 stars","+15"
"202",9,"Aaron Rodgers",PIT,"QB29","9","1 out of 5","4 out of 5","2 out of 5 stars","-13"
"203",9,"Nicholas Singleton",TEN,"RB63","9","3 out of 5","4 out of 5","3 out of 5 stars","-17"
"204",9,"Jacksonville Jaguars",JAC,"DST6","7","-","-","3 out of 5 stars","-12"
"205",9,"Jaylin Noel",HOU,"WR79","8","4 out of 5","3 out of 5","3 out of 5 stars","+73"
"206",9,"Minnesota Vikings",MIN,"DST7","6","-","-","1 out of 5 stars","-22"
"207",9,"New England Patriots",NE,"DST8","11","-","-","3 out of 5 stars","-44"
"208",9,"Pittsburgh Steelers",PIT,"DST9","9","-","-","5 out of 5 stars","-11"
"209",9,"Mike Washington Jr.",LV,"RB64","13","3 out of 5","4 out of 5","2 out of 5 stars","-27"
"210",9,"Los Angeles Chargers",LAC,"DST10","7","-","-","3 out of 5 stars","-5"
"211",9,"Jaydon Blue",DAL,"RB65","14","4 out of 5","3 out of 5","4 out of 5 stars","+26"
"212",9,"Tank Dell",HOU,"WR80","8","3 out of 5","4 out of 5","3 out of 5 stars","+16"
"213",9,"Kaytron Allen",WAS,"RB66","7","3 out of 5","4 out of 5","4 out of 5 stars","+17"
"214",9,"Baltimore Ravens",BAL,"DST11","13","-","-","5 out of 5 stars","-23"
"215",9,"Brandon Aubrey",DAL,"K1","14","5 out of 5","1 out of 5","2 out of 5 stars","-93"
"216",9,"Cooper Kupp",SEA,"WR81","11","3 out of 5","4 out of 5","3 out of 5 stars","+57"
"217",9,"Antonio Williams",WAS,"WR82","7","4 out of 5","2 out of 5","2 out of 5 stars","-2"
"218",9,"Ka'imi Fairbairn",HOU,"K2","8","5 out of 5","1 out of 5","2 out of 5 stars","-65"
"219",9,"Jaylen Wright",MIA,"RB67","6","-","-","3 out of 5 stars","+23"
"220",9,"David Njoku",LAC,"TE29","7","4 out of 5","4 out of 5","4 out of 5 stars","-55"
"221",9,"Kansas City Chiefs",KC,"DST12","5","-","-","3 out of 5 stars","-3"
"222",9,"Cameron Dicker",LAC,"K3","7","5 out of 5","1 out of 5","2 out of 5 stars","-72"
"223",9,"Green Bay Packers",GB,"DST13","11","-","-","2 out of 5 stars","-13"
"224",9,"Ollie Gordon II",MIA,"RB68","6","3 out of 5","4 out of 5","3 out of 5 stars","+108"
"225",9,"Oscar Delp",NO,"TE30","8","4 out of 5","4 out of 5","2 out of 5 stars","-"
"226",9,"Zachariah Branch",ATL,"WR83","11","3 out of 5","4 out of 5","3 out of 5 stars","+9"
"227",9,"Cam Little",JAC,"K4","7","-","-","4 out of 5 stars","-58"
"228",9,"Jason Myers",SEA,"K5","11","-","-","4 out of 5 stars","-68"
"229",9,"Fernando Mendoza",LV,"QB30","13","4 out of 5","3 out of 5","1 out of 5 stars","-62"
"230",9,"Detroit Lions",DET,"DST14","6","-","-","5 out of 5 stars","-19"
"231",9,"Tua Tagovailoa",ATL,"QB31","11","2 out of 5","4 out of 5","4 out of 5 stars","+13"
"232",9,"Colby Parkinson",LAR,"TE31","11","-","-","4 out of 5 stars","+22"
"233",9,"Eddy Pineiro",SF,"K6","8","4 out of 5","2 out of 5","5 out of 5 stars","-33"
"234",9,"Tyler Loop",BAL,"K7","13","-","-","3 out of 5 stars","-35"
"235",9,"Keon Coleman",BUF,"WR84","7","2 out of 5","4 out of 5","4 out of 5 stars","+65"
"236",9,"Evan Engram",DEN,"TE32","10","-","-","4 out of 5 stars","+54"
"237",9,"George Holani",SEA,"RB69","11","3 out of 5","4 out of 5","4 out of 5 stars","+21"
"238",9,"Buffalo Bills",BUF,"DST15","7","-","-","3 out of 5 stars","-24"
"239",9,"Jake Bates",DET,"K8","6","-","-","5 out of 5 stars","-45"
"240",9,"Justice Hill",BAL,"RB70","13","-","-","3 out of 5 stars","+7"
"241",9,"Cairo Santos",CHI,"K9","10","-","-","0 out of 5 stars","-16"
"242",9,"Jordan James",SF,"RB71","8","3 out of 5","4 out of 5","2 out of 5 stars","+27"
"243",9,"Germie Bernard",PIT,"WR85","9","2 out of 5","4 out of 5","3 out of 5 stars","+24"
"244",9,"Chimere Dike",TEN,"WR86","9","2 out of 5","5 out of 5","3 out of 5 stars","+44"
"245",9,"Andy Borregales",NE,"K10","11","-","-","1 out of 5 stars","-50"
"246",9,"Elic Ayomanor",TEN,"WR87","9","1 out of 5","5 out of 5","3 out of 5 stars","+72"
"247",9,"Cleveland Browns",CLE,"DST16","11","-","-","5 out of 5 stars","-7"
"248",9,"Evan McPherson",CIN,"K11","6","-","-","2 out of 5 stars","-15"
"249",9,"Jack Bech",LV,"WR88","13","3 out of 5","4 out of 5","2 out of 5 stars","+53"
"250",9,"Harrison Mevis",LAR,"K12","11","-","-","2 out of 5 stars","-62"
"251",9,"Isaiah Davis",NYJ,"RB72","13","2 out of 5","4 out of 5","3 out of 5 stars","+82"
"252",9,"Chase McLaughlin",TB,"K13","10","-","-","3 out of 5 stars","-35"
"253",9,"Chris Boswell",PIT,"K14","9","-","-","4 out of 5 stars","-40"
"254",9,"Tory Horton",SEA,"WR89","11","4 out of 5","4 out of 5","3 out of 5 stars","+22"
"255",9,"Harrison Butker",KC,"K15","5","-","-","5 out of 5 stars","-52"
"256",9,"DJ Giddens",IND,"RB73","13","3 out of 5","4 out of 5","4 out of 5 stars","+66"
"257",9,"Malachi Fields",NYG,"WR90","8","4 out of 5","3 out of 5","4 out of 5 stars","-9"
"258",9,"Demond Claiborne",MIN,"RB74","6","3 out of 5","4 out of 5","4 out of 5 stars","-19"
"259",9,"Greg Dulcich",MIA,"TE33","6","4 out of 5","3 out of 5","5 out of 5 stars","-39"
"260",9,"Tyquan Thornton",KC,"WR91","5","-","-","2 out of 5 stars","-"
"261",9,"Chris Brooks",GB,"RB75","11","2 out of 5","4 out of 5","4 out of 5 stars","+69"
"262",9,"Samaje Perine",CIN,"RB76","6","2 out of 5","4 out of 5","2 out of 5 stars","+46"
"263",9,"Christian Kirk",SF,"WR92","8","3 out of 5","4 out of 5","2 out of 5 stars","+19"
"264",9,"Eli Stowers",PHI,"TE34","10","4 out of 5","4 out of 5","4 out of 5 stars","-28"
"265",9,"Elijah Sarratt",BAL,"WR93","13","4 out of 5","4 out of 5","4 out of 5 stars","+29"
"266",9,"Darius Slayton",NYG,"WR94","8","3 out of 5","4 out of 5","4 out of 5 stars","-"
"267",10,"Wil Lutz",DEN,"K16","10","-","-","1 out of 5 stars","-44"
"268",10,"Ty Johnson",BUF,"RB77","7","-","-","2 out of 5 stars","-3"
"269",10,"Kirk Cousins",LV,"QB32","13","2 out of 5","4 out of 5","1 out of 5 stars","-9"
"270",10,"Michael Penix Jr.",ATL,"QB33","11","1 out of 5","5 out of 5","4 out of 5 stars","-24"
"271",10,"Deshaun Watson",CLE,"QB34","11","1 out of 5","5 out of 5","4 out of 5 stars","-1"
"272",10,"Kaelon Black",SF,"RB78","8","4 out of 5","4 out of 5","2 out of 5 stars","-10"
"273",10,"LeQuint Allen Jr.",JAC,"RB79","7","3 out of 5","4 out of 5","4 out of 5 stars","+13"
"274",10,"Malik Davis",DAL,"RB80","14","-","-","4 out of 5 stars","-"
"275",10,"Chris Bell",MIA,"WR95","6","3 out of 5","4 out of 5","3 out of 5 stars","+21"
"276",10,"Devaughn Vele",NO,"WR96","8","-","-","3 out of 5 stars","+22"
"277",10,"Shedeur Sanders",CLE,"QB35","11","3 out of 5","4 out of 5","4 out of 5 stars","-27"
"278",10,"Trey Benson",ARI,"RB81","14","2 out of 5","5 out of 5","2 out of 5 stars","-15"
"279",10,"Ted Hurst III",TB,"WR97","10","4 out of 5","4 out of 5","4 out of 5 stars","-7"
"280",10,"Atlanta Falcons",ATL,"DST17","11","-","-","4 out of 5 stars","-35"
"281",10,"Marvin Mims Jr.",DEN,"WR98","10","-","-","2 out of 5 stars","+2"
"282",10,"Mason Taylor",NYJ,"TE35","13","1 out of 5","4 out of 5","4 out of 5 stars","+9"
"283",10,"Xavier Legette",CAR,"WR99","5","2 out of 5","4 out of 5","2 out of 5 stars","-"
"284",10,"Will Reichard",MIN,"K17","6","-","-","2 out of 5 stars","-63"
"285",10,"Devin Neal",NO,"RB82","8","3 out of 5","4 out of 5","3 out of 5 stars","+39"
"286",10,"Emari Demercado",KC,"RB83","5","1 out of 5","5 out of 5","3 out of 5 stars","+49"
"287",10,"Theo Johnson",NYG,"TE36","8","1 out of 5","4 out of 5","3 out of 5 stars","-44"
"288",10,"San Francisco 49ers",SF,"DST18","8","-","-","3 out of 5 stars","-84"
"289",10,"Kaleb Johnson",PIT,"RB84","9","2 out of 5","5 out of 5","2 out of 5 stars","-23"
"290",10,"Hollywood Brown",PHI,"WR100","10","-","-","4 out of 5 stars","-"
"291",10,"Keenan Allen",LAC,"WR101","7","2 out of 5","4 out of 5","2 out of 5 stars","-16"
"292",10,"Devin Singletary",NYG,"RB85","8","-","-","4 out of 5 stars","-8"
"293",10,"Brandon Aiyuk",SF,"WR102","8","2 out of 5","5 out of 5","2 out of 5 stars","-85"
"294",10,"Kendre Miller",NO,"RB86","8","2 out of 5","4 out of 5","3 out of 5 stars","-13"
"295",10,"Mack Hollins",NE,"WR103","11","-","-","2 out of 5 stars","-"
"296",10,"Jerome Ford",WAS,"RB87","7","-","-","4 out of 5 stars","+19"
"297",10,"Brashard Smith",KC,"RB88","5","-","-","3 out of 5 stars","-12"
"298",10,"Adam Randall",BAL,"RB89","13","3 out of 5","4 out of 5","3 out of 5 stars","+38"
"299",10,"Ja'Kobi Lane",BAL,"WR104","13","-","-","4 out of 5 stars","-58"
"300",10,"Kyle Williams",NE,"WR105","11","-","-","2 out of 5 stars","-13"
"301",10,"Mike Gesicki",CIN,"TE37","6","-","-","3 out of 5 stars","-4"
"302",10,"Najee Harris",LAC,"RB90","7","1 out of 5","5 out of 5","3 out of 5 stars","+17"
"303",10,"Tahj Brooks",CIN,"RB91","6","-","-","2 out of 5 stars","-"
"304",10,"Isaiah Bond",CLE,"WR106","11","-","-","3 out of 5 stars","-"
"305",10,"Trevor Etienne",CAR,"RB92","5","-","-","1 out of 5 stars","-"
"306",10,"Seth McGowan",IND,"RB93","13","-","-","4 out of 5 stars","+31"
"307",10,"Indianapolis Colts",IND,"DST19","13","-","-","5 out of 5 stars","-18"
"308",10,"Jarquez Hunter",LAR,"RB94","11","-","-","5 out of 5 stars","-9"
"309",10,"Tyreek Hill",FA,"WR107","-","1 out of 5","5 out of 5","-","-119"
"310",10,"Skyler Bell",BUF,"WR108","7","-","-","4 out of 5 stars","+4"
"311",10,"Isaac Guerendo",SF,"RB95","8","-","-","2 out of 5 stars","-"
"312",10,"New Orleans Saints",NO,"DST20","8","-","-","5 out of 5 stars","0"
"313",10,"Charlie Smyth",NO,"K18","8","-","-","5 out of 5 stars","+10"
"314",10,"Jake Tonges",SF,"TE38","8","-","-","3 out of 5 stars","-58"
"315",10,"Jaleel McLaughlin",DEN,"RB96","10","-","-","2 out of 5 stars","-"
"316",10,"Chicago Bears",CHI,"DST21","10","-","-","2 out of 5 stars","-107"
"317",10,"Audric Estime",NO,"RB97","8","-","-","3 out of 5 stars","-24"
"318",11,"Darnell Washington",PIT,"TE39","9","-","-","2 out of 5 stars","-"
"319",11,"Chris Brazzell II",CAR,"WR109","5","-","-","2 out of 5 stars","+7"
"320",11,"Will Shipley",PHI,"RB98","10","-","-","4 out of 5 stars","-"
"321",11,"Andrei Iosivas",CIN,"WR110","6","-","-","4 out of 5 stars","-"
"322",11,"Caleb Douglas",MIA,"WR111","6","-","-","3 out of 5 stars","-21"
"323",11,"Kareem Hunt",FA,"RB99","-","-","-","-","-28"
"324",11,"Cedric Tillman",CLE,"WR112","11","-","-","3 out of 5 stars","-"
"325",11,"J.J. McCarthy",MIN,"QB36","6","-","-","5 out of 5 stars","-64"
"326",11,"Cyrus Allen",KC,"WR113","5","-","-","2 out of 5 stars","-23"
"327",11,"Joe Mixon",FA,"RB100","-","-","-","-","-14"
"328",11,"Luke McCaffrey",WAS,"WR114","7","-","-","2 out of 5 stars","-"
"329",11,"Jalen Tolbert",MIA,"WR115","6","-","-","3 out of 5 stars","-55"
"330",11,"Jahan Dotson",ATL,"WR116","11","-","-","3 out of 5 stars","-19"
"331",11,"Calvin Austin III",NYG,"WR117","8","-","-","4 out of 5 stars","-"
"332",11,"Tez Johnson",TB,"WR118","10","-","-","4 out of 5 stars","-"
"333",11,"Jalen Royals",KC,"WR119","5","-","-","2 out of 5 stars","-"
"334",11,"Max Klare",LAR,"TE40","11","-","-","4 out of 5 stars","-27"
"335",11,"Konata Mumpfield",LAR,"WR120","11","-","-","1 out of 5 stars","-"
"336",11,"Carson Beck",ARI,"QB37","14","-","-","2 out of 5 stars","-68"
"337",11,"Elijah Arroyo",SEA,"TE41","11","-","-","3 out of 5 stars","-"
"338",11,"DeMario Douglas",NE,"WR121","11","-","-","2 out of 5 stars","-"
"339",11,"Cole Kmet",CHI,"TE42","10","-","-","2 out of 5 stars","-"
"340",11,"Noah Gray",KC,"TE43","5","-","-","4 out of 5 stars","-"
"341",11,"Olamide Zaccheaus",ATL,"WR122","11","-","-","3 out of 5 stars","-"
"342",11,"Mac Jones",SF,"QB38","8","-","-","1 out of 5 stars","-"
"343",11,"Bam Knight",ARI,"RB101","14","-","-","2 out of 5 stars","-"
"344",11,"Michael Mayer",LV,"TE44","13","-","-","3 out of 5 stars","-15"
"345",11,"Ja'Tavion Sanders",CAR,"TE45","5","-","-","2 out of 5 stars","-"
"346",11,"Erick All Jr.",CIN,"TE46","6","-","-","3 out of 5 stars","-"
"347",11,"Bryce Lance",NO,"WR123","8","-","-","3 out of 5 stars","-"
"348",11,"Carolina Panthers",CAR,"DST22","5","-","-","3 out of 5 stars","-42"
"349",11,"Dawson Knox",BUF,"TE47","7","-","-","3 out of 5 stars","-"
"350",11,"Tyler Higbee",LAR,"TE48","11","-","-","4 out of 5 stars","-"
"351",11,"Eli Heidenreich",PIT,"RB102","9","-","-","2 out of 5 stars","-"
"352",11,"Joshua Palmer",BUF,"WR124","7","-","-","4 out of 5 stars","-"
"353",11,"Treylon Burks",WAS,"WR125","7","-","-","2 out of 5 stars","-"
"354",11,"Brenen Thompson",LAC,"WR126","7","-","-","2 out of 5 stars","-20"
"355",11,"Justin Fields",KC,"QB39","5","-","-","2 out of 5 stars","-78"
"356",11,"Kendrick Bourne",ARI,"WR127","14","-","-","2 out of 5 stars","-"
"357",11,"Michael Carter",TEN,"RB103","9","-","-","3 out of 5 stars","-"
"358",11,"Dallas Cowboys",DAL,"DST23","14","-","-","1 out of 5 stars","-162"
"359",11,"Ty Simpson",LAR,"QB40","11","-","-","3 out of 5 stars","-43"
"360",11,"Jaylin Lane",WAS,"WR128","7","-","-","2 out of 5 stars","-"
"361",11,"Eli Raridon",NE,"TE49","11","-","-","4 out of 5 stars","-"
"362",11,"Dont'e Thornton Jr.",LV,"WR129","13","-","-","2 out of 5 stars","-"
"363",11,"Justin Joly",DEN,"TE50","10","-","-","4 out of 5 stars","-"
"364",11,"Raheim Sanders",CLE,"RB104","11","-","-","3 out of 5 stars","-"
"365",11,"Jake Elliott",PHI,"K19","10","-","-","5 out of 5 stars","-138"
"366",11,"Noah Fant",NO,"TE51","8","-","-","2 out of 5 stars","-"
"367",11,"Xavier Hutchinson",HOU,"WR130","8","-","-","3 out of 5 stars","-"
"368",11,"John Metchie III",CAR,"WR131","5","-","-","2 out of 5 stars","-"
"369",11,"J'Mari Taylor",JAC,"RB105","7","-","-","4 out of 5 stars","-"
"370",11,"Anthony Richardson Sr.",IND,"QB41","13","-","-","4 out of 5 stars","-"
"371",11,"Jawhar Jordan",HOU,"RB106","8","-","-","4 out of 5 stars","-"
"372",11,"Savion Williams",GB,"WR132","11","-","-","5 out of 5 stars","-"
"373",11,"Nick Chubb",FA,"RB107","-","-","-","-","-"
"374",11,"Luke Musgrave",GB,"TE52","11","-","-","2 out of 5 stars","-"
"375",12,"KaVontae Turpin",DAL,"WR133","14","-","-","2 out of 5 stars","-"
"376",12,"Kalif Raymond",CHI,"WR134","10","-","-","3 out of 5 stars","-"
"377",12,"Kevin Coleman Jr.",MIA,"WR135","6","-","-","3 out of 5 stars","-"
"378",12,"New York Giants",NYG,"DST24","8","-","-","1 out of 5 stars","-177"
"379",12,"Nick Westbrook-Ikhine",IND,"WR136","13","-","-","4 out of 5 stars","-"
"380",12,"Tampa Bay Buccaneers",TB,"DST25","10","-","-","4 out of 5 stars","-76"
"381",12,"Tyler Bass",BUF,"K20","7","-","-","2 out of 5 stars","-128"
"382",12,"Deion Burks",IND,"WR137","13","-","-","4 out of 5 stars","-"
"383",12,"Ben Sinnott",WAS,"TE53","7","-","-","1 out of 5 stars","-"
"384",12,"Dameon Pierce",PHI,"RB108","10","-","-","4 out of 5 stars","-"
"385",12,"Tutu Atwell",MIA,"WR138","6","-","-","3 out of 5 stars","-"
"386",12,"Tommy Tremble",CAR,"TE54","5","-","-","2 out of 5 stars","-"
"387",12,"Joe Flacco",CIN,"QB42","6","-","-","3 out of 5 stars","-"
"388",12,"Zane Gonzalez",MIA,"K21","6","-","-","2 out of 5 stars","-"
"389",12,"Mitchell Evans",CAR,"TE55","5","-","-","2 out of 5 stars","-"
"390",12,"Phil Mafah",DAL,"RB109","14","-","-","4 out of 5 stars","-"
"391",12,"Zavion Thomas",CHI,"WR139","10","-","-","3 out of 5 stars","-"
"392",12,"Devontez Walker",BAL,"WR140","13","-","-","4 out of 5 stars","-"
"393",12,"CJ Daniels",LAR,"WR141","11","-","-","1 out of 5 stars","-"
"394",12,"Joe Milton III",DAL,"QB43","14","-","-","2 out of 5 stars","-"
"395",12,"Rasheen Ali",BAL,"RB110","13","-","-","3 out of 5 stars","-"
"396",12,"Roschon Johnson",CHI,"RB111","10","-","-","2 out of 5 stars","-"
"397",12,"Daniel Bellinger",TEN,"TE56","9","-","-","3 out of 5 stars","-"
"398",12,"Austin Ekeler",FA,"RB112","-","-","-","-","-134"
"399",12,"Jam Miller",NE,"RB113","11","-","-","2 out of 5 stars","-"
"400",12,"Terrell Jennings",NE,"RB114","11","-","-","2 out of 5 stars","-"
"401",12,"Ashton Dulin",IND,"WR142","13","-","-","4 out of 5 stars","-"
"402",12,"Trey Smack",GB,"K22","11","-","-","4 out of 5 stars","-"
"403",12,"Miami Dolphins",MIA,"DST26","6","-","-","3 out of 5 stars","-72"
"404",12,"Jordan Whittington",LAR,"WR143","11","-","-","1 out of 5 stars","-"
"405",12,"Charlie Kolar",LAC,"TE57","7","-","-","4 out of 5 stars","-"
"406",12,"Marcus Mariota",WAS,"QB44","7","-","-","2 out of 5 stars","-"
"407",12,"Sione Vaki",DET,"RB115","6","-","-","5 out of 5 stars","-"
"408",12,"Austin Hooper",ATL,"TE58","11","-","-","3 out of 5 stars","-"
"409",12,"Tennessee Titans",TEN,"DST27","9","-","-","2 out of 5 stars","-92"
"410",12,"Cincinnati Bengals",CIN,"DST28","6","-","-","4 out of 5 stars","-100"
"411",12,"Adam Trautman",DEN,"TE59","10","-","-","4 out of 5 stars","-"
"412",12,"Zach Ertz",FA,"TE60","-","-","-","-","-"
"413",12,"Greg Dortch",DET,"WR144","6","-","-","4 out of 5 stars","-"
"414",12,"Damien Martinez",GB,"RB116","11","-","-","4 out of 5 stars","-"
"415",12,"John Bates",WAS,"TE61","7","-","-","1 out of 5 stars","-"
"416",12,"Jeremy McNichols",WAS,"RB117","7","-","-","4 out of 5 stars","-"
"417",12,"Dyami Brown",WAS,"WR145","7","-","-","2 out of 5 stars","-"
"418",12,"Kyle Juszczyk",SF,"RB118","8","-","-","2 out of 5 stars","-"
"419",12,"Darren Waller",FA,"TE62","-","-","-","-","-"
"420",12,"Jameis Winston",NYG,"QB45","8","-","-","4 out of 5 stars","-"
"421",12,"Roman Wilson",PIT,"WR146","9","-","-","3 out of 5 stars","-"
"422",12,"Zavier Scott",MIN,"RB119","6","-","-","4 out of 5 stars","-"
"423",12,"Colbie Young",CIN,"WR147","6","-","-","4 out of 5 stars","-"
"424",12,"Jonnu Smith",FA,"TE63","-","-","-","-","-"
"425",12,"Las Vegas Raiders",LV,"DST29","13","-","-","4 out of 5 stars","-98"
"426",12,"Tommy Myers",FA,"TE64","-","-","-","-","-"
"427",12,"Blake Grupe",IND,"K23","13","-","-","4 out of 5 stars","-"
"428",12,"Malik Benson",LV,"WR148","13","-","-","2 out of 5 stars","-"
"429",12,"Nick Folk",ATL,"K24","11","-","-","0 out of 5 stars","-191"
"430",12,"Elijah Higgins",ARI,"TE65","14","-","-","2 out of 5 stars","-"
"431",12,"Mitch Tinsley",CIN,"WR149","6","-","-","4 out of 5 stars","-"
"432",12,"Jake Moody",WAS,"K25","7","-","-","5 out of 5 stars","-"
"433",12,"Ben Sauls",NYG,"K26","8","-","-","2 out of 5 stars","-"
"434",12,"Washington Commanders",WAS,"DST30","7","-","-","2 out of 5 stars","-"
"435",12,"Roman Hemby",LV,"RB120","13","-","-","2 out of 5 stars","-"
"436",12,"New York Jets",NYJ,"DST31","13","-","-","4 out of 5 stars","-108"
"437",12,"Will Kacmarek",MIA,"TE66","6","-","-","5 out of 5 stars","-"
"438",12,"Tyler Goodson",ATL,"RB121","11","-","-","2 out of 5 stars","-"
"439",12,"Mo Alie-Cox",IND,"TE67","13","-","-","3 out of 5 stars","-"
"440",12,"Hunter Luepke",DAL,"RB122","14","-","-","4 out of 5 stars","-"
"441",12,"Jaret Patterson",LAC,"RB123","7","-","-","3 out of 5 stars","-"
"442",12,"Josh Oliver",MIN,"TE68","6","-","-","4 out of 5 stars","-"
"443",12,"Ty Chandler",NO,"RB124","8","-","-","3 out of 5 stars","-"
"444",12,"Dylan Laube",LV,"RB125","13","-","-","2 out of 5 stars","-"
"445",12,"Cash Jones",ATL,"RB126","11","-","-","2 out of 5 stars","-"
"446",12,"Drew Sample",CIN,"TE69","6","-","-","3 out of 5 stars","-"
"447",12,"Frank Gore Jr.",BUF,"RB127","7","-","-","2 out of 5 stars","-"
"448",12,"Jake Bobo",SEA,"WR150","11","-","-","3 out of 5 stars","-"
"449",12,"Luke Schoonmaker",DAL,"TE70","14","-","-","2 out of 5 stars","-"
"450",12,"Nate Boerkircher",JAC,"TE71","7","-","-","3 out of 5 stars","-"
"451",12,"Khalil Herbert",SF,"RB128","8","-","-","2 out of 5 stars","-"
"452",12,"Myles Montgomery",NE,"RB129","11","-","-","2 out of 5 stars","-"
"453",12,"Jaydn Ott",KC,"RB130","5","-","-","3 out of 5 stars","-"
"454",12,"Antonio Gibson",FA,"RB131","-","-","-","-","-"
"455",12,"Tim Patrick",NYJ,"WR151","13","-","-","4 out of 5 stars","-"
"456",12,"Jackson Hawes",BUF,"TE72","7","-","-","3 out of 5 stars","-"
"457",12,"Tanner Koziol",JAC,"TE73","7","-","-","3 out of 5 stars","-"
"458",12,"Jahdae Walker",CHI,"WR152","10","-","-","3 out of 5 stars","-"
"459",12,"Tai Felton",MIN,"WR153","6","-","-","5 out of 5 stars","-"
"460",12,"Ronnie Rivers",LAR,"RB132","11","-","-","5 out of 5 stars","-"
"461",12,"Demarcus Robinson",SF,"WR154","8","-","-","2 out of 5 stars","-"
"462",12,"Robert Henry Jr.",WAS,"RB133","7","-","-","4 out of 5 stars","-"
"463",12,"Scotty Miller",CHI,"WR155","10","-","-","3 out of 5 stars","-"
"464",13,"Tyler Lockett",LV,"WR156","13","-","-","2 out of 5 stars","-"
"465",13,"Spencer Shrader",IND,"K27","13","-","-","4 out of 5 stars","-"
"466",13,"Odell Beckham Jr.",NYG,"WR157","8","-","-","4 out of 5 stars","-"
"467",13,"Brandon McManus",FA,"K28","-","-","-","-","-"
"468",13,"Marquez Valdes-Scantling",DAL,"WR158","14","-","-","2 out of 5 stars","-"
"469",13,"Joey Slye",TEN,"K29","9","-","-","4 out of 5 stars","-"
"470",13,"Cade Klubnik",NYJ,"QB46","13","-","-","4 out of 5 stars","-"
"471",13,"Riley Leonard",IND,"QB47","13","-","-","4 out of 5 stars","-"
"472",13,"Marlin Klein",HOU,"TE74","8","-","-","4 out of 5 stars","-"
"473",13,"Arizona Cardinals",ARI,"DST32","14","-","-","2 out of 5 stars","-148"
"474",13,"Miles Sanders",FA,"RB134","-","-","-","-","-"
"475",13,"Jacob Saylors",DET,"RB135","6","-","-","5 out of 5 stars","-"
"476",13,"Donovan Edwards",MIA,"RB136","6","-","-","3 out of 5 stars","-"
"477",13,"Brock Wright",DET,"TE75","6","-","-","3 out of 5 stars","-"
"478",13,"Elijah Tau-Tolliver",BAL,"RB137","13","-","-","3 out of 5 stars","-"
"479",13,"AJ Dillon",CAR,"RB138","5","-","-","1 out of 5 stars","-"
"480",13,"Tanner Hudson",CIN,"TE76","6","-","-","3 out of 5 stars","-"
"481",13,"Raheem Mostert",LV,"RB139","13","-","-","2 out of 5 stars","-"
"482",13,"Elijah Mitchell",PHI,"RB140","10","-","-","4 out of 5 stars","-"
"483",13,"Xavier Smith",LAR,"WR159","11","-","-","1 out of 5 stars","-"
"484",13,"KeAndre Lambert-Smith",LAC,"WR160","7","-","-","2 out of 5 stars","-"
"485",13,"Jacardia Wright",SEA,"RB141","11","-","-","4 out of 5 stars","-"
"486",13,"Reggie Virgil",ARI,"WR161","14","-","-","2 out of 5 stars","-"
"487",13,"Chad Ryland",ARI,"K30","14","-","-","2 out of 5 stars","-"
"488",13,"Noah Whittington",HOU,"RB142","8","-","-","4 out of 5 stars","-"
"489",13,"Ryan Fitzgerald",CAR,"K31","5","-","-","0 out of 5 stars","-"
"490",13,"Jakobie Keeney-James",PIT,"WR162","9","-","-","3 out of 5 stars","-"
"491",13,"Daniel Carlson",LV,"K32","13","-","-","1 out of 5 stars","-"
"492",13,"Kevin Austin Jr.",NO,"WR163","8","-","-","3 out of 5 stars","-"
"493",13,"Pierre Strong Jr.",GB,"RB143","11","-","-","4 out of 5 stars","-"
"494",13,"Mecole Hardman Jr.",BUF,"WR164","7","-","-","4 out of 5 stars","-"
"495",13,"Efton Chism III",NE,"WR165","11","-","-","2 out of 5 stars","-"
"496",13,"Xavier Restrepo",TEN,"WR166","9","-","-","3 out of 5 stars","-"
"497",13,"Theo Wease Jr.",MIA,"WR167","6","-","-","3 out of 5 stars","-"
"498",13,"Kendric Pryor",CIN,"WR168","6","-","-","4 out of 5 stars","-"
"499",13,"Michael Woods II",DEN,"WR169","10","-","-","2 out of 5 stars","-"
"500",13,"Trey Lance",LAC,"QB48","7","-","-","2 out of 5 stars","-"
"501",13,"Jeshaun Jones",MIN,"WR170","6","-","-","5 out of 5 stars","-"
"502",13,"Jordan Watkins",SF,"WR171","8","-","-","2 out of 5 stars","-"
"503",13,"Quinn Ewers",MIA,"QB49","6","-","-","3 out of 5 stars","-"
"504",13,"Taysom Hill",FA,"TE77","-","-","-","-","-"
"505",13,"Albert Okwuegbunam Jr.",LV,"TE78","13","-","-","3 out of 5 stars","-"
"506",13,"Jeremy Ruckert",NYJ,"TE79","13","-","-","4 out of 5 stars","-"
"507",13,"Durham Smythe",BAL,"TE80","13","-","-","4 out of 5 stars","-"
"508",13,"Tyler Conklin",DET,"TE81","6","-","-","3 out of 5 stars","-"
"509",13,"Will Dissly",FA,"TE82","-","-","-","-","-"
"510",13,"Derius Davis",LAC,"WR172","7","-","-","2 out of 5 stars","-"
"511",13,"Jack Endries",CIN,"TE83","6","-","-","3 out of 5 stars","-"
"512",13,"Matt Hibner",BAL,"TE84","13","-","-","4 out of 5 stars","-"
"513",13,"Moliki Matavao",NO,"TE85","8","-","-","2 out of 5 stars","-"
"514",13,"Jordan Waters",LAR,"RB144","11","-","-","5 out of 5 stars","-"
"515",13,"Salvon Ahmed",CHI,"RB145","10","-","-","2 out of 5 stars","-"
"516",13,"Nate Adkins",DEN,"TE86","10","-","-","4 out of 5 stars","-"
"517",13,"Michael Trigg",DAL,"TE87","14","-","-","2 out of 5 stars","-208"
"518",13,"Sterling Shepard",FA,"WR173","-","-","-","-","-"
"519",13,"Ameer Abdullah",JAC,"RB146","7","-","-","4 out of 5 stars","-"
"520",13,"Will Mallory",IND,"TE88","13","-","-","3 out of 5 stars","-"
"521",13,"Brittain Brown",CHI,"RB147","10","-","-","2 out of 5 stars","-"
"522",13,"Seydou Traore",MIA,"TE89","6","-","-","5 out of 5 stars","-"
"523",13,"Miles Kitselman",DET,"TE90","6","-","-","3 out of 5 stars","-"
"524",13,"Jordan Akins",FA,"TE91","-","-","-","-","-"
"525",13,"Alexander Mattison",FA,"RB148","-","-","-","-","-220"
"526",13,"Miles Davis",CAR,"RB149","5","-","-","1 out of 5 stars","-"
"527",13,"Sincere McCormick",SF,"RB150","8","-","-","2 out of 5 stars","-"
"528",13,"Kalel Mullings",TEN,"RB151","9","-","-","3 out of 5 stars","-"
"529",13,"Khalil Dinkins",FA,"TE92","-","-","-","-","-"
"530",13,"Zay Jones",FA,"WR174","-","-","-","-","-"
"531",13,"Foster Moreau",HOU,"TE93","8","-","-","4 out of 5 stars","-"
"532",13,"Elijah Moore",PHI,"WR175","10","-","-","4 out of 5 stars","-"
"533",13,"Lil'Jordan Humphrey",DEN,"WR176","10","-","-","2 out of 5 stars","-"
"534",13,"Cam Akers",FA,"RB152","-","-","-","-","-"
"535",13,"Jimmy Horn Jr.",CAR,"WR177","5","-","-","2 out of 5 stars","-"
"536",13,"Dontae McMillan",BAL,"RB153","13","-","-","3 out of 5 stars","-"
"537",13,"Zamir White",LV,"RB154","13","-","-","2 out of 5 stars","-"
"538",13,"Chip Trayanum",NYJ,"RB155","13","-","-","3 out of 5 stars","-"
"539",13,"Evan Hull",ARI,"RB156","14","-","-","2 out of 5 stars","-"
"540",13,"Dean Connors",LAR,"RB157","11","-","-","5 out of 5 stars","-"
"541",13,"Desmond Reid",FA,"RB158","-","-","-","-","-"
"542",13,"Reggie Gilliam",NE,"RB159","11","-","-","2 out of 5 stars","-"
"543",13,"Brandin Cooks",FA,"WR178","-","-","-","-","-"
"544",13,"Myles Price",MIN,"WR179","6","-","-","5 out of 5 stars","-"
"545",13,"Ian Thomas",LV,"TE94","13","-","-","3 out of 5 stars","-"
"546",13,"Jacob Cowing",SF,"WR180","8","-","-","2 out of 5 stars","-"
"547",13,"Josh Reynolds",FA,"WR181","-","-","-","-","-"
"548",13,"Davis Mills",HOU,"QB50","8","-","-","4 out of 5 stars","-"
"549",13,"Dohnte Meyers",CIN,"WR182","6","-","-","4 out of 5 stars","-"
"550",13,"Kendrick Law",DET,"WR183","6","-","-","4 out of 5 stars","-"
"551",13,"Ronnie Bell",NO,"WR184","8","-","-","3 out of 5 stars","-"
"552",13,"Russell Gage Jr.",FA,"WR185","-","-","-","-","-"
"553",13,"Corey Kiner",ARI,"RB160","14","-","-","2 out of 5 stars","-"
"554",13,"Ja'Quinden Jackson",FA,"RB161","-","-","-","-","-"
"555",13,"Montorie Foster Jr.",SEA,"WR186","11","-","-","3 out of 5 stars","-"
"556",13,"Quez Watkins",PHI,"WR187","10","-","-","4 out of 5 stars","-"
"557",13,"Gardner Minshew II",ARI,"QB51","14","-","-","2 out of 5 stars","-"
"558",13,"Spencer Rattler",NO,"QB52","8","-","-","3 out of 5 stars","-"
"559",13,"Michael Burton",CLE,"RB162","11","-","-","3 out of 5 stars","-"
"560",13,"Anthony Gould",IND,"WR188","13","-","-","4 out of 5 stars","-"
"561",13,"Jalen Milroe",SEA,"QB53","11","-","-","4 out of 5 stars","-"
"562",13,"Travis Homer",PIT,"RB163","9","-","-","2 out of 5 stars","-"
"563",13,"Kyle Allen",BUF,"QB54","7","-","-","3 out of 5 stars","-"
"564",13,"Michael Bandy",DEN,"WR189","10","-","-","2 out of 5 stars","-"
"565",13,"Jarrett Stidham",DEN,"QB55","10","-","-","3 out of 5 stars","-"
"566",13,"Tyler Huntley",BAL,"QB56","13","-","-","3 out of 5 stars","-"
"567",13,"Kenny McIntosh",FA,"RB164","-","-","-","-","-"
"568",13,"Jermar Jefferson",FA,"RB165","-","-","-","-","-"
"569",13,"Teddy Bridgewater",DET,"QB57","6","-","-","5 out of 5 stars","-"
"570",13,"Taylen Green",CLE,"QB58","11","-","-","4 out of 5 stars","-"
"571",13,"Kye Robichaux",DET,"RB166","6","-","-","5 out of 5 stars","-"
"572",13,"Jake Browning",TB,"QB59","10","-","-","2 out of 5 stars","-"
"573",13,"Michael Briscoe",MIN,"WR190","6","-","-","5 out of 5 stars","-"
"574",13,"DeAndre Hopkins",BAL,"WR191","13","-","-","4 out of 5 stars","-"
"575",13,"Diontae Johnson",FA,"WR192","-","-","-","-","-"
"576",13,"Tommy DeVito",NE,"QB60","11","-","-","2 out of 5 stars","-"
"577",13,"Barion Brown",NO,"WR193","8","-","-","3 out of 5 stars","-"
"578",13,"Drew Allar",PIT,"QB61","9","-","-","2 out of 5 stars","-"
"579",13,"Curtis Samuel",FA,"WR194","-","-","-","-","-"
"580",13,"J. Michael Sturdivant",GB,"WR195","11","-","-","5 out of 5 stars","-"
"581",13,"Michael Wortham",JAC,"WR196","7","-","-","4 out of 5 stars","-"
"582",13,"Montrell Johnson Jr.",FA,"RB167","-","-","-","-","-"
"583",14,"Tahj Washington",MIA,"WR197","6","-","-","3 out of 5 stars","-"
"584",14,"Joshua Cephus",FA,"WR198","-","-","-","-","-"
"585",14,"Deontay Burnett",FA,"WR199","-","-","-","-","-"
"586",14,"Coleman Owen",IND,"WR200","13","-","-","4 out of 5 stars","-"
"587",14,"Chase Edmonds",WAS,"RB168","7","-","-","4 out of 5 stars","-"
"588",14,"Noah Brown",FA,"WR201","-","-","-","-","-"
"589",14,"Ainias Smith",FA,"WR202","-","-","-","-","-"
"590",14,"Bub Means",NO,"WR203","8","-","-","3 out of 5 stars","-"
"591",14,"Jared Wayne",HOU,"WR204","8","-","-","3 out of 5 stars","-"
"592",14,"Dominic Lovett",DET,"WR205","6","-","-","4 out of 5 stars","-"
"593",14,"Jermaine Burton",FA,"WR206","-","-","-","-","-"
"594",14,"Maurice Alexander",CHI,"WR207","10","-","-","3 out of 5 stars","-"
"595",14,"EJ Smith",KC,"RB169","5","-","-","3 out of 5 stars","-"
"596",14,"Terrace Marshall Jr.",MIA,"WR208","6","-","-","3 out of 5 stars","-"
"597",14,"Will Levis",TEN,"QB62","9","-","-","3 out of 5 stars","-"
"598",14,"Tyler Scott",LAR,"WR209","11","-","-","1 out of 5 stars","-"
"599",14,"K.J. Osborn",TEN,"WR210","9","-","-","3 out of 5 stars","-"
"600",14,"Chris Blair",ATL,"WR211","11","-","-","3 out of 5 stars","-"
"601",14,"Lew Nichols III",PIT,"RB170","9","-","-","2 out of 5 stars","-"
"602",14,"Brandon Johnson",LV,"WR212","13","-","-","2 out of 5 stars","-"
"603",14,"Jabari Small",DET,"RB171","6","-","-","5 out of 5 stars","-"
"604",14,"Davon Booth",CLE,"RB172","11","-","-","3 out of 5 stars","-"
"605",14,"Nathan Carter",ATL,"RB173","11","-","-","2 out of 5 stars","-"
"606",14,"Cade Stover",HOU,"TE95","8","-","-","4 out of 5 stars","-"
"607",14,"Devin Duvernay",ARI,"WR213","14","-","-","2 out of 5 stars","-"
"608",14,"Sam Roush",CHI,"TE96","10","-","-","2 out of 5 stars","-"
"609",14,"Joe Royer",CLE,"TE97","11","-","-","3 out of 5 stars","-"
"610",14,"Bauer Sharp",TB,"TE98","10","-","-","2 out of 5 stars","-"
"611",14,"Jared Wiley",KC,"TE99","5","-","-","4 out of 5 stars","-"
"612",14,"Josh Whyle",GB,"TE100","11","-","-","2 out of 5 stars","-"
"613",14,"Julian Hill",NE,"TE101","11","-","-","4 out of 5 stars","-"
"614",14,"Thomas Fidone II",NYG,"TE102","8","-","-","3 out of 5 stars","-"
"615",14,"Tip Reiman",ARI,"TE103","14","-","-","2 out of 5 stars","-"
"616",14,"Davis Allen",LAR,"TE104","11","-","-","4 out of 5 stars","-"
"617",14,"Josh Cuevas",BAL,"TE105","13","-","-","4 out of 5 stars","-"
"618",14,"Charlie Woerner",ATL,"TE106","11","-","-","3 out of 5 stars","-"
"619",14,"Payne Durham",TB,"TE107","10","-","-","2 out of 5 stars","-"
"620",14,"Luke Farrell",SF,"TE108","8","-","-","3 out of 5 stars","-"
"621",14,"Eric Saubert",SEA,"TE109","11","-","-","3 out of 5 stars","-"
"622",14,"Brevyn Spann-Ford",DAL,"TE110","14","-","-","2 out of 5 stars","-"
"623",14,"Kylen Granson",TEN,"TE111","9","-","-","3 out of 5 stars","-"
"624",14,"Alec Ingold",LAC,"RB174","7","-","-","3 out of 5 stars","-"
"625",14,"Ben Sims",MIA,"TE112","6","-","-","5 out of 5 stars","-"
"626",14,"Clyde Edwards-Helaire",FA,"RB175","-","-","-","-","-"
"627",14,"British Brooks",HOU,"RB176","8","-","-","4 out of 5 stars","-"
"628",14,"Devin Culp",TB,"TE113","10","-","-","2 out of 5 stars","-"
"629",14,"Grant Calcaterra",PHI,"TE114","10","-","-","4 out of 5 stars","-"
"630",14,"Adam Prentice",DEN,"RB177","10","-","-","2 out of 5 stars","-"
"631",14,"Myles Gaskin",FA,"RB178","-","-","-","-","-"
"632",14,"Xavier Weaver",ARI,"WR214","14","-","-","2 out of 5 stars","-"
"633",14,"Ben Yurosek",MIN,"TE115","6","-","-","4 out of 5 stars","-"
"634",14,"Royce Freeman",FA,"RB179","-","-","-","-","-"
"635",14,"Patrick Ricard",NYG,"RB180","8","-","-","4 out of 5 stars","-"
"636",14,"Patrick Taylor Jr.",SF,"RB181","8","-","-","2 out of 5 stars","-"
"637",14,"Skyy Moore",GB,"WR215","11","-","-","5 out of 5 stars","-"
"638",14,"Max Bredeson",MIN,"RB182","6","-","-","4 out of 5 stars","-"
"639",14,"Van Jefferson",WAS,"WR216","7","-","-","2 out of 5 stars","-"
"640",14,"Tyler Badie",DEN,"RB183","10","-","-","2 out of 5 stars","-"
"641",14,"Isaiah Williams",FA,"WR217","-","-","-","-","-"
"642",14,"Terion Stewart",KC,"RB184","5","-","-","3 out of 5 stars","-"
"643",14,"Arian Smith",NYJ,"WR218","13","-","-","4 out of 5 stars","-"
"644",14,"Josh Cameron",JAC,"WR219","7","-","-","4 out of 5 stars","-"
"645",14,"Jamari Thrash",FA,"WR220","-","-","-","-","-"
"646",14,"Kaden Wetjen",PIT,"WR221","9","-","-","3 out of 5 stars","-"
"647",14,"DeeJay Dallas",JAC,"RB185","7","-","-","4 out of 5 stars","-"
"648",15,"Dante Miller",NYG,"RB186","8","-","-","4 out of 5 stars","-"
"649",15,"Jamal Haynes",CIN,"RB187","6","-","-","2 out of 5 stars","-"
"650",15,"Emmanuel Henderson Jr.",SEA,"WR222","11","-","-","3 out of 5 stars","-"
"651",15,"Julius Chestnut",TEN,"RB188","9","-","-","3 out of 5 stars","-"
"652",15,"Carson Steele",PHI,"RB189","10","-","-","4 out of 5 stars","-"
"653",15,"Mason Tipton",NO,"WR223","8","-","-","3 out of 5 stars","-"
"654",15,"Jeff Wilson Jr.",FA,"RB190","-","-","-","-","-"
"655",15,"Darrynton Evans",FA,"RB191","-","-","-","-","-"
"656",15,"Trayveon Williams",FA,"RB192","-","-","-","-","-"
"657",15,"Eric Gray",NYG,"RB193","8","-","-","4 out of 5 stars","-"
"658",15,"Tyrion Davis-Price",FA,"RB194","-","-","-","-","-"
"659",15,"Josh Williams",TB,"RB195","10","-","-","2 out of 5 stars","-"
"660",15,"JuJu Smith-Schuster",NYG,"WR224","8","-","-","4 out of 5 stars","-"
"661",15,"Kendall Milton",CIN,"RB196","6","-","-","2 out of 5 stars","-"
"662",15,"Dare Ogunbowale",LV,"RB197","13","-","-","2 out of 5 stars","-"
"663",15,"Avery Williams",FA,"RB198","-","-","-","-","-"
"664",15,"Ulysses Bentley IV",IND,"RB199","13","-","-","4 out of 5 stars","-"
"665",15,"Justin Watson",HOU,"WR225","8","-","-","3 out of 5 stars","-"
"666",15,"Gus Edwards",FA,"RB200","-","-","-","-","-"
"667",15,"Amar Johnson",LAC,"RB201","7","-","-","3 out of 5 stars","-"
"668",15,"Israel Abanikanda",DAL,"RB202","14","-","-","4 out of 5 stars","-"
"669",15,"Hassan Haskins",LAC,"RB203","7","-","-","3 out of 5 stars","-"
"670",15,"Carlos Washington Jr.",MIA,"RB204","6","-","-","3 out of 5 stars","-"
"671",15,"Kameron Johnson",TB,"WR226","10","-","-","4 out of 5 stars","-"
"672",15,"Anthony Smith",DAL,"WR227","14","-","-","2 out of 5 stars","-"
"673",15,"CJ Williams",JAC,"WR228","7","-","-","4 out of 5 stars","-"
"674",15,"Kene Nwangwu",NYJ,"RB205","13","-","-","3 out of 5 stars","-"
"675",15,"Ricky White III",SEA,"WR229","11","-","-","3 out of 5 stars","-"
"676",15,"D'Onta Foreman",FA,"RB206","-","-","-","-","-"
"677",15,"Ben Skowronek",PIT,"WR230","9","-","-","3 out of 5 stars","-"
"678",15,"Lan Larison",NE,"RB207","11","-","-","2 out of 5 stars","-"
"679",15,"Lewis Bond",HOU,"WR231","8","-","-","3 out of 5 stars","-"
"680",15,"Kentrel Bullock",CIN,"RB208","6","-","-","2 out of 5 stars","-"
"681",15,"David Moore",CAR,"WR232","5","-","-","2 out of 5 stars","-"
"682",15,"JaMycal Hasty",FA,"RB209","-","-","-","-","-"
"683",15,"Jonathan Mingo",DAL,"WR233","14","-","-","2 out of 5 stars","-"
"684",15,"Isaiah Hodgins",NYG,"WR234","8","-","-","4 out of 5 stars","-"
"685",15,"Coleman Bennett",CHI,"RB210","10","-","-","2 out of 5 stars","-"
"686",15,"Tyler Johnson",DAL,"WR235","14","-","-","2 out of 5 stars","-"
"687",15,"Jalen Brooks",ARI,"WR236","14","-","-","2 out of 5 stars","-"
"688",15,"Bo Melton",GB,"WR237","11","-","-","5 out of 5 stars","-"
"689",15,"Raheem Blackshear",DET,"RB211","6","-","-","5 out of 5 stars","-"
"690",15,"Dominic Richardson",FA,"RB212","-","-","-","-","-"
"691",15,"Anthony Hankerson",MIA,"RB213","6","-","-","3 out of 5 stars","-"
"692",15,"Gary Brightwell",CIN,"RB214","6","-","-","2 out of 5 stars","-"
"693",15,"Lincoln Pare",FA,"RB215","-","-","-","-","-"
"694",15,"Chris Collier",LV,"RB216","13","-","-","2 out of 5 stars","-"
"695",15,"Nikko Remigio",KC,"WR238","5","-","-","2 out of 5 stars","-"
"696",15,"Damon Bankston",NYG,"RB217","8","-","-","4 out of 5 stars","-"
"697",15,"Charlie Jones",CIN,"WR239","6","-","-","4 out of 5 stars","-"
"698",15,"Gabe Davis",FA,"WR240","-","-","-","-","-"
"699",15,"Darius Cooper",PHI,"WR241","10","-","-","4 out of 5 stars","-"
"700",15,"Cody Schrader",DEN,"RB218","10","-","-","2 out of 5 stars","-"
"701",15,"Gage Larvadain",CLE,"WR242","11","-","-","3 out of 5 stars","-"
"702",15,"LaJohntay Wester",BAL,"WR243","13","-","-","4 out of 5 stars","-"
"703",15,"Quali Conley",FA,"RB219","-","-","-","-","-"
"704",15,"Bryce Oliver",TEN,"WR244","9","-","-","3 out of 5 stars","-"
"705",15,"Dylan Drummond",ATL,"WR245","11","-","-","3 out of 5 stars","-"
"706",15,"Nick Nash",WAS,"WR246","7","-","-","2 out of 5 stars","-"
"707",15,"Tom Kennedy",DET,"WR247","6","-","-","4 out of 5 stars","-"
"708",15,"Shedrick Jackson",LV,"WR248","13","-","-","2 out of 5 stars","-"
"709",15,"Eli Pancol",IND,"WR249","13","-","-","4 out of 5 stars","-"
"710",15,"Omari Kelly",CHI,"WR250","10","-","-","3 out of 5 stars","-"
"711",15,"Jason Brownlee",KC,"WR251","5","-","-","2 out of 5 stars","-"
"712",15,"Isaiah Neyor",GB,"WR252","11","-","-","5 out of 5 stars","-"
"713",15,"Jalin Hyatt",NYG,"WR253","8","-","-","4 out of 5 stars","-"
"714",15,"Luke Grimm",LAC,"WR254","7","-","-","2 out of 5 stars","-"
"715",15,"Jordan Moore",CIN,"WR255","6","-","-","4 out of 5 stars","-"
"716",15,"Tyrell Shavers",BUF,"WR256","7","-","-","4 out of 5 stars","-"
"717",15,"Andrew Armstrong",KC,"WR257","5","-","-","2 out of 5 stars","-"
"718",15,"JP Richardson",CHI,"WR258","10","-","-","3 out of 5 stars","-"
"719",15,"Laquon Treadwell",IND,"WR259","13","-","-","4 out of 5 stars","-"
"720",15,"Brennan Presley",LAR,"WR260","11","-","-","1 out of 5 stars","-"
"721",15,"Tylan Wallace",CLE,"WR261","11","-","-","3 out of 5 stars","-"
"722",15,"Tru Edwards",LAR,"WR262","11","-","-","1 out of 5 stars","-"
"723",15,"Jeff Caldwell",KC,"WR263","5","-","-","2 out of 5 stars","-"
"724",15,"Britain Covey",PHI,"WR264","10","-","-","4 out of 5 stars","-"
"725",15,"Jamaal Pritchett",NYJ,"WR265","13","-","-","4 out of 5 stars","-"
"726",15,"Jackson Meeks",DET,"WR266","6","-","-","4 out of 5 stars","-"
"727",15,"Donaven McCulley",MIA,"WR267","6","-","-","3 out of 5 stars","-"
"728",15,"Raylen Sharpe",IND,"WR268","13","-","-","4 out of 5 stars","-"
"729",15,"Brycen Tremayne",CAR,"WR269","5","-","-","2 out of 5 stars","-"
"730",16,"Traeshon Holden",DAL,"WR270","14","-","-","2 out of 5 stars","-"
"731",16,"Jeremiah Webb",NE,"WR271","11","-","-","2 out of 5 stars","-"
"732",16,"Jacob De Jesus",KC,"WR272","5","-","-","2 out of 5 stars","-"
"733",16,"Jaden Bradley",WAS,"WR273","7","-","-","2 out of 5 stars","-"
"734",16,"Vinny Anthony II",ATL,"WR274","11","-","-","3 out of 5 stars","-"
"735",16,"Cody White",SEA,"WR275","11","-","-","3 out of 5 stars","-"
"736",16,"Austin Trammell",JAC,"WR276","7","-","-","4 out of 5 stars","-"
"737",16,"Josh Kelly",HOU,"WR277","8","-","-","3 out of 5 stars","-"
"738",16,"Johnny Wilson",PHI,"WR278","10","-","-","4 out of 5 stars","-"
"739",16,"Malachi Corley",CLE,"WR279","11","-","-","3 out of 5 stars","-"
"740",16,"Stephen Gosnell",BUF,"WR280","7","-","-","4 out of 5 stars","-"
"741",16,"Le'Meke Brockington",ATL,"WR281","11","-","-","3 out of 5 stars","-"
"742",16,"Dane Key",DEN,"WR282","10","-","-","2 out of 5 stars","-"
"743",16,"Hakeem Butler",DEN,"WR283","10","-","-","2 out of 5 stars","-"
"744",16,"Mason Kinsey",TEN,"WR284","9","-","-","3 out of 5 stars","-"
"745",16,"Camden Brown",DAL,"WR285","14","-","-","2 out of 5 stars","-"
"746",16,"Jimmy Holiday",KC,"WR286","5","-","-","2 out of 5 stars","-"
"747",16,"Nick DeGennaro",NE,"WR287","11","-","-","2 out of 5 stars","-"
"748",16,"Danny Gray",PHI,"WR288","10","-","-","4 out of 5 stars","-"
"749",16,"Tejhaun Palmer",NE,"WR289","11","-","-","2 out of 5 stars","-"
"750",16,"Sahmir Hagans",IND,"WR290","13","-","-","4 out of 5 stars","-"
"751",16,"Eric Rivers Jr.",TB,"WR291","10","-","-","4 out of 5 stars","-"
"752",16,"Cornelius Johnson",BAL,"WR292","13","-","-","4 out of 5 stars","-"
"753",16,"Cameron Dorner",NE,"WR293","11","-","-","2 out of 5 stars","-"
"754",16,"Tim Jones",JAC,"WR294","7","-","-","4 out of 5 stars","-"
"755",16,"Hank Beatty",TEN,"WR295","9","-","-","3 out of 5 stars","-"
"756",16,"Luke Floriea",CLE,"WR296","11","-","-","3 out of 5 stars","-"
"757",16,"Devonte Ross",LAC,"WR297","7","-","-","2 out of 5 stars","-"
"758",16,"Mario Williams",LAR,"WR298","11","-","-","1 out of 5 stars","-"
"759",16,"Noah Thomas",CIN,"WR299","6","-","-","4 out of 5 stars","-"
"760",16,"E.J. Horton Jr.",IND,"WR300","13","-","-","4 out of 5 stars","-"
"761",16,"Keelan Marion",ATL,"WR301","11","-","-","3 out of 5 stars","-"
"762",16,"Sederrick Cunningham",FA,"WR302","-","-","-","-","-"
"763",16,"Omari Evans",KC,"WR303","5","-","-","2 out of 5 stars","-"
"764",16,"Lance McCutcheon",TEN,"WR304","9","-","-","3 out of 5 stars","-"
"765",16,"Kole Wilson",CLE,"WR305","11","-","-","3 out of 5 stars","-"
"766",16,"Dennis Houston",TB,"WR306","10","-","-","4 out of 5 stars","-"
"767",16,"Simi Fehoko",ARI,"WR307","14","-","-","2 out of 5 stars","-"
"768",16,"Dan Chisena",CAR,"WR308","5","-","-","2 out of 5 stars","-"
"769",16,"Beaux Collins",NYG,"WR309","8","-","-","4 out of 5 stars","-"
"770",16,"Xavier Guillory",BAL,"WR310","13","-","-","4 out of 5 stars","-"
"771",16,"Kyle Dixon",NE,"WR311","11","-","-","2 out of 5 stars","-"
"772",16,"Phillip Dorsett II",LV,"WR312","13","-","-","2 out of 5 stars","-"
"773",16,"Trent Sherfield Sr.",BUF,"WR313","7","-","-","4 out of 5 stars","-"
"774",16,"Junior Bergen",SF,"WR314","8","-","-","2 out of 5 stars","-"
"775",16,"Kyron Hudson",CHI,"WR315","10","-","-","3 out of 5 stars","-"
"776",16,"Irv Charles",SEA,"WR316","11","-","-","3 out of 5 stars","-"
"777",16,"Malik Turner",SF,"WR317","8","-","-","2 out of 5 stars","-"
"778",16,"E.J. Williams Jr.",LV,"WR318","13","-","-","2 out of 5 stars","-"
"779",16,"Harrison Wallace III",ARI,"WR319","14","-","-","2 out of 5 stars","-"
"780",16,"Caullin Lacy",NYJ,"WR320","13","-","-","4 out of 5 stars","-"
"781",16,"Cortez Braham Jr.",BAL,"WR321","13","-","-","4 out of 5 stars","-"
"782",16,"Trey Palmer",NO,"WR322","8","-","-","3 out of 5 stars","-"
"783",16,"Kobe Prentice",NE,"WR323","11","-","-","2 out of 5 stars","-"
"784",16,"Bryson Green",ARI,"WR324","14","-","-","2 out of 5 stars","-"
"785",16,"Ihmir Smith-Marsette",ARI,"WR325","14","-","-","2 out of 5 stars","-"
"786",16,"Octavian Smith Jr.",BAL,"WR326","13","-","-","4 out of 5 stars","-"
"787",16,"Xavier Gipson",NYG,"WR327","8","-","-","4 out of 5 stars","-"
"788",16,"Brenden Rice",FA,"WR328","-","-","-","-","-"
"789",16,"Jordan Hudson",DAL,"WR329","14","-","-","2 out of 5 stars","-"
"790",16,"Jalen Walthall",FA,"WR330","-","-","-","-","-"
"791",16,"Dean Patterson",TB,"WR331","10","-","-","4 out of 5 stars","-"
"792",16,"Sincere Brown",LAC,"WR332","7","-","-","2 out of 5 stars","-"
"793",16,"Wesley Grimes",SF,"WR333","8","-","-","2 out of 5 stars","-"
"794",16,"Malik McClain",NYJ,"WR334","13","-","-","4 out of 5 stars","-"
"795",16,"DT Sheffield",NYJ,"WR335","13","-","-","4 out of 5 stars","-"
"796",16,"Tyren Montgomery",TEN,"WR336","9","-","-","3 out of 5 stars","-"
"797",16,"Dalen Cambre",NYG,"WR337","8","-","-","4 out of 5 stars","-"
"798",16,"Cameron Ross",DEN,"WR338","10","-","-","2 out of 5 stars","-"
"799",16,"Kolbe Katsis",DEN,"WR339","10","-","-","2 out of 5 stars","-"
"800",16,"Jonathan Brady",FA,"WR340","-","-","-","-","-"
"801",16,"AJ Henning",MIA,"WR341","6","-","-","3 out of 5 stars","-"
"802",16,"Rashad Rochelle",SEA,"WR342","11","-","-","3 out of 5 stars","-"
"803",16,"Jimmy Kibble",NE,"WR343","11","-","-","2 out of 5 stars","-"
"804",16,"Ja'Mori Maclin",BUF,"WR344","7","-","-","4 out of 5 stars","-"
"805",16,"Mante Morrow",LAC,"WR345","7","-","-","2 out of 5 stars","-"
"806",16,"Chris Hilton Jr.",FA,"WR346","-","-","-","-","-"
"807",16,"Treyvhon Saunders",HOU,"WR347","8","-","-","3 out of 5 stars","-"
"808",16,"Daniel Sobkowicz",HOU,"WR348","8","-","-","3 out of 5 stars","-"
"809",16,"Colton Dowell",PIT,"WR349","9","-","-","3 out of 5 stars","-"
"810",16,"Max Tomczak",BUF,"WR350","7","-","-","4 out of 5 stars","-"
"811",16,"Courtney Jackson",TEN,"WR351","9","-","-","3 out of 5 stars","-"
"812",16,"Brock Rechsteiner",NO,"WR352","8","-","-","3 out of 5 stars","-"
"813",16,"Xavier Loyd",KC,"WR353","5","-","-","2 out of 5 stars","-"